[
 {
  "id":"1",
  "name":"India",
  "parent_id":"0"
 },  
 {
  "id":"2",
  "name":"Rajasthan",
  "parent_id":"1"
 }, 
 {
  "id":"3",
  "name":"Madhya Pradesh",
  "parent_id":"1"
 }, 
 {
  "id":"4",
  "name":"Maharashtra",
  "parent_id":"1"
 }, 
 {
  "id":"5",
  "name":"Uttar Pradesh",
  "parent_id":"1"
 }, 
 {
  "id":"6",
  "name":"Jammu and Kashmir",
  "parent_id":"1"
 }, 
 {
  "id":"7",
  "name":"Gujarat",
  "parent_id":"1"
 }, 
 {
  "id":"8",
  "name":"Karnataka",
  "parent_id":"1"
 }, 
 {
  "id":"9",
  "name":"Andhra Pradesh",
  "parent_id":"1"
 }, 
 {
  "id":"10",
  "name":"Odisha",
  "parent_id":"1"
 }, 
 {
  "id":"11",
  "name":"Chhattisgarh",
  "parent_id":"1"
 }, 
 {
  "id":"12",
  "name":"Tamil Nadu",
  "parent_id":"1"
 }, 
 {
  "id":"13",
  "name":"Telangana",
  "parent_id":"1"
 }, 
 {
  "id":"14",
  "name":"Bihar",
  "parent_id":"1"
 }, 
 {
  "id":"15",
  "name":"West Bengal",
  "parent_id":"1"
 }, 
 {
  "id":"16",
  "name":"Arunachal Pradesh",
  "parent_id":"1"
 }, 
 {
  "id":"17",
  "name":"Jharkhand",
  "parent_id":"1"
 }, 
 {
  "id":"18",
  "name":"Assam",
  "parent_id":"1"
 }, 
 {
  "id":"19",
  "name":"Himachal Pradesh",
  "parent_id":"1"
 }, 
 {
  "id":"20",
  "name":"Uttarakhand",
  "parent_id":"1"
 }, 
 {
  "id":"21",
  "name":"Punjab",
  "parent_id":"1"
 }, 
 {
  "id":"22",
  "name":"Haryana",
  "parent_id":"1"
 }, 
 {
  "id":"23",
  "name":"Kerala",
  "parent_id":"1"
 }, 
 {
  "id":"24",
  "name":"Meghalaya",
  "parent_id":"1"
 }, 
 {
  "id":"25",
  "name":"Manipur",
  "parent_id":"1"
 },
 {
  "id":"26",
  "name":"Mizoram",
  "parent_id":"1"
 },
 {
  "id":"27",
  "name":"Nagaland",
  "parent_id":"1"
 },
 {
  "id":"28",
  "name":"Tripura",
  "parent_id":"1"
 },
 {
  "id":"29",
  "name":"Sikkim",
  "parent_id":"1"
 },
 {
  "id":"30",
  "name":"Goa",
  "parent_id":"1"
 },
 {
  "id":"31",
  "name":"Agra",
  "parent_id":"5"
 },
{
  "id":"32",
  "name":"Mathura",
  "parent_id":"5"
 },
{
  "id":"33",
  "name":"Aligarh",
  "parent_id":"5"
 },
{
  "id":"34",
  "name":"Allahabaad",
  "parent_id":"5"
 },
{
  "id":"35",
  "name":"Fatehpur",
  "parent_id":"5"
 },
{
  "id":"36",
  "name":"Azamgarh",
  "parent_id":"5"
 },
{
  "id":"37",
  "name":"Ballia",
  "parent_id":"5"
 },
{
  "id":"38",
  "name":"Bareilly",
  "parent_id":"5"
 },
{
  "id":"39",
  "name":"Shahjahanpur",
  "parent_id":"5"
 },
{
  "id":"40",
  "name":"Banda",
  "parent_id":"5"
 },
{
  "id":"41",
  "name":"Chitrakoot",
  "parent_id":"5"
 },
{
  "id":"42",
  "name":"Hamirpur",
  "parent_id":"5"
 },
{
  "id":"43",
  "name":"Mahoba",
  "parent_id":"5"
 },
{
  "id":"44",
  "name":"Ambedkar Nagar",
  "parent_id":"5"
 },
 {
  "id":"45",
  "name":"Faizabad",
  "parent_id":"5"
 },
 {
  "id":"46",
  "name":"Gorakhpur",
  "parent_id":"5"
 },
 {
  "id":"47",
  "name":"Jalaun",
  "parent_id":"5"
 },
 {
  "id":"48",
  "name":"Jhansi",
  "parent_id":"5"
 },
 {
  "id":"49",
  "name":"Lalitpur",
  "parent_id":"5"
 },
 {
  "id":"50",
  "name":"Auraiya",
  "parent_id":"5"
 },
 {
  "id":"51",
  "name":"Etawah",
  "parent_id":"5"
 },
 {
  "id":"52",
  "name":"Farrukhabad",
  "parent_id":"5"
 },
 {
  "id":"53",
  "name":"Kannauj",
  "parent_id":"5"
 },
 {
  "id":"54",
  "name":"Kanpur Dehat",
  "parent_id":"5"
 },
 {
  "id":"55",
  "name":"Kanpur Nagar",
  "parent_id":"5"
 },
 {
  "id":"56",
  "name":"Hardoi",
  "parent_id":"5"
 },
 {
  "id":"57",
  "name":"Lakhimpur Kheri",
  "parent_id":"5"
 },
 {
  "id":"58",
  "name":"Lucknow",
  "parent_id":"5"
 },
 {
  "id":"59",
  "name":"Raebareli",
  "parent_id":"5"
 },
 {
  "id":"60",
  "name":"Sitapur",
  "parent_id":"5"
 },
 {
  "id":"61",
  "name":"Unnao",
  "parent_id":"5"
 },
 {
  "id":"62",
  "name":"Mirzapur",
  "parent_id":"5"
 },
 {
  "id":"63",
  "name":"Jaunpur",
  "parent_id":"5"
 },
 {
  "id":"64",
  "name":"Varanasi",
  "parent_id":"5"
 }
]